"DESCRIPTION","DURATION IN MS","NAME","PARENT SUITE","START TIME","STATUS","STOP TIME","SUB SUITE","SUITE","TEST CLASS","TEST METHOD"
"","741","Team filters are exposed","","2026-07-29","passed","2026-07-29","","","",""
"","438","Reviews list is paginated correctly -- @1.4 ","","2026-07-29","passed","2026-07-29","","","",""
"","384","Unknown API endpoint returns 404","","2026-07-29","passed","2026-07-29","","","",""
"","479","Reviews list is paginated correctly -- @1.1 ","","2026-07-29","passed","2026-07-29","","","",""
"","6626","Redirection to the contact page","","2026-07-29","passed","2026-07-29","","","",""
"","829","Reviews list is paginated correctly -- @1.2 ","","2026-07-29","passed","2026-07-29","","","",""
"","476","Reviews list is paginated correctly -- @1.3 ","","2026-07-29","passed","2026-07-29","","","",""
"","4891","Login with mobile phone","","2026-07-29","passed","2026-07-29","","","",""
"","885","Site is not in maintenance mode","","2026-07-29","passed","2026-07-29","","","",""
